,title,category
0,늑장 대처 책임 떠넘기기 정부  안일한 인식 이 요소수 사태 키웠다,Economic
1,승객 탄  드론 택시   강남 김포   분만에 날아간다,Economic
2,요소수 재고  일주일도 못 버텨  긴급 물량 배정 요청 ,Economic
3, 군 요소수  푼 첫날  전화통 불나고 화물차 몰렸다,Economic
4,유류세     인하  등유는 왜 빠졌나 ,Economic
5,요소수 판매 주유소에서만 화물차 한 번에   리터까지,Economic
6, 역대급 종부세 고지서    일부터 발송 다주택자 선택은,Economic
7,G 발 인플레 압력  한국 경제 덮쳐 온다,Economic
8,군 비축 요소수 풀자 트럭 장사진  앞으로도 걱정 ,Economic
9, 이래도 안살거야   명품     할인 판매  파격 ,Economic
10, 위중증 역대 최다 에   정은경  일상회복  단계 전환 어려울수도 ,Economic
11,내일 유류세 인하 앞두고 썰렁한 주유소 가격 반영은    주 걸려,Economic
12,친환경 열풍에 구리도 뜬다   구리 상품    종 쏟아져,Economic
13,골판지도   판지  되나     원료 수급난에 폐지가격도 껑충,Economic
14,왕릉 경관 해치는 아파트에    미터 나무 심어 가려야 ,Economic
15,새마을금고보다 비싼 은행 금리  폭리 막아달라 ,Economic
16, 김포 잠실   분  드론택시     년 상용화  남은 과제는 ,Economic
17, 유류세 내리기만 기다렸는데  그새 또 오른 기름값,Economic
18,롯데정밀화학     개월치 요소수 원료 확보   가격 동결할 것 ,Economic
19, 긴급수급조정조치  시행   주유소에서   리터만 가능,Economic
20,늑장 대처 책임 떠넘기기 정부  안일한 인식 이 요소수 사태 키웠다,Economic
21,   억 집    억까지 대출 가능  기막힌 주담대 편법,Economic
22, 단독   한꺼번에  년 치 물량  검사 기관 추가 추진,Economic
23,  시 대담   농지투기  찾기 진행 상황과 농업 현안은 ,Economic
24, 최대  억원  씨티은행 희망퇴직     명 신청,Economic
25, 테슬라 킬러  리비안  나스닥 상장 하루 만에 GM 포드 BMW 시총 추월,Economic
26, 영상 대출금리   시대 오나 이주열 금리인상 시사,Economic
27,   층  포차 에서 즐기는 아침  제주 드림타워  조식식당  곳으로 확대,Economic
28,상한가 간  엔씨소프트       억 베팅한 큰손 개미,Economic
29, 아파트 꼭지에 샀다 고 딸 구박하던 엄마  년 개월 뒤 대반전이 일어났다,Economic
30, 일상회복  단계 어려울 수도  추가접종후 사망신고,Economic
31, 인플레 한파 몰려온다     물가상승 압력에 금융시장도  패닉 ,Economic
32,요소수 긴급조치  주유소에서만 승용차 한 대당   리터 ,Economic
33,대출 규제에 집값 상승세 둔화  뚜렷 ,Economic
34,주담대 막힌 초고가 아파트  년새  억원이나 더 올랐다,Economic
35, 사랑의 징검다리   금슬 갑  주현 할아버지의 실낱 희망,Economic
36,고급 아파트에 불법 대부업체 최고 이자 연  천 ,Economic
37, 큰 손 누구   급등한 엔씨소프트 주식  한 명이   만주 순매수,Economic
38, 재수없다  악플에 정용진이 한 글자로 쿨하게 남긴 댓글은,Economic
39, 기획  퇴로 막은채  종부세 패닉  대선민심 터진다,Economic
40,공공부문에 우선 공급해도 중국물량 와야  요소수 숨통 ,Economic
41,부산 사람엔  커피 DNA  있다   커피 월드컵  또 석권,Economic
42, 사실 확인  그 날   백 년 먹거리 라더니 표류하는  에어로폴리스 ,Economic
43, 기획  전환점에 선 중국경제  중국 전력난 제로코로나 여파   분기 성장률   도 못 채웠다,Economic
44,NFT가 치트키   사업 진출 언급만 해도  주가 고공행진 ,Economic
45,개인투자자 한 명이 엔씨소프트   만주 순매수  수천억 상당 ,Economic
46,주거용 오피스텔 인기      년 매매량  역대 최다 ,Economic
47,    선서 멀어지는 코스피  반등은 언제 ,Economic
48,김주하 앵커가 전하는   월   일 종합뉴스 주요뉴스,Economic
49,요소수 사려고 부산항 인근 주유소 수백 미터 차량 행렬,Economic
50,이동걸 회장  GM   인자  만나  전기차 물량 배정 국민 기대  전해,Economic
51,일상회복 너무 서둘렀나 전문가들  연말 모임 자제 ,Economic
52,상한가 엔씨소프트   큰 손  개인투자자  명이   만주 순매수,Economic
53, 뛰는 집 위에 나는 집  질주하는 고가 아파트,Economic
54, 임대료 인상  건설사 마음대로   민간임대아파트 주민들 분통,Economic
55,해외서 확보한     만 리터 월말까지 요소수  보릿고개 ,Economic
56, 같이경제  공급망 위기  해법은 ,Economic
57, 여기는 강릉   위드 코로나  시행 강원 크루즈 기지개 켜려면 ,Economic
58,독일 신규확진  만명 하루 새  만명 늘어 사상 최다,Economic
59,충북  요소수  만  천  우선 공급  올스톱 위기 넘겨 ,Economic
60,군 비축분 받으려 수백 미터 긴 줄 호주 요소수 군용기 도착,Economic
61,부산 사람엔  커피 DNA  있다   커피 월드컵  또 석권,Economic
62, 달러에 베팅    한 달 새    억 몰린 달러ETF,Economic
63,요소수 재고  일주일도 못 버텨  긴급 물량 배정 요청 ,Economic
64,군 비축 요소수    t 민간 배출  호주서 공수  만      도착  뉴스 투데이 ,Economic
65, 결혼할 때  억 모았다면 현모양처  집값 폭등이 낳은 씁쓸한 현실,Economic
66,은행보다 새마을금고 대출금리가 싸다 규제가 부른 기현상,Economic
67,그 많던 알바는 다 어디 갔을까,Economic
68, 엔씨 상한가  만든 NFT    과열 맞다  VS  성장성 커  갑론을박,Economic
69,진격의 에코프로비엠    코스닥  위 바이오   년 만에 바뀌나,Economic
70,롯데정밀화학   개월치 요소수 물량 확보  신동빈 회장도 막후 역할  종합 ,Economic
71,서울 아파트값  일주일 만에  억 원 넘게  뚝   상승폭   주 연속 주춤,Economic
72, 물가상승 일시적  vs  당분간 지속 우려    엇갈린 해석,Economic
73,정은경  일상 회복  단계 어려울 수도 방역 강화 가능 ,Economic
74, ET  귀농 이것 모르고 시작했다간 청년 멘토가 왔슈,Economic
75,막아놓고  돌려놓고 보험료 카드결제  꼼수  난무,Economic
76, 우리 분유 써 달라     산부인과에    억 빌려준 남양유업,Economic
77, 숫자로 본 경제  은퇴 후 생활비는 적어도 이 정도 ,Economic
78, 단독  김부겸 정의선  오는   일 일산서 만난다 현대차그룹도 채용 보따리 푼다,Economic
79,삼성SDI LG엔솔  미국서 대규모 ESS 사업에 배터리 공급,Economic
80,     명 확진 위중증 환자 하루 만에 또 최대치,Economic
81, 단독 김승연 한화 회장  수능 보는 직원 자녀에게 응원 편지와 선물 보내,Economic
82,저무는 내연차시대  기아도 전기차만 판다  저무는 내연차 시대 ,Economic
83,몸 사리는   쇼핑플랫폼    역대 가장 조용한 광군제,Economic
84, 돈 빌려줄테니 우리 분유 써라  남양 매일 산부인과 리베이트 적발,Economic
85,승용차 한 대당 최대    까지 군 비축분 호주산 공급 시작,Economic
86,신용점수 높을수록 금리 더 비싸다 정부 대출 규제의 역설,Economic
87,가을은 이사철  지난달 서울 아파트 전세거래 급감,Economic
88,인플레 우려 옵션만기에 증시  조마조마  NFT 올라탄 엔씨는 상한가,Economic
89,   년 최대 인플레   금리인상 빨라진다  내년 환율 상저하고 ,Economic
90, 평수 차익 생각하면 특공이죠   신혼부부도 등돌린 신희타,Economic
91,상장 전  유보금 나눠먹기 땐 제동   과도한 대주주 사익추구 걸러낸다,Economic
92, 탄소 속도내며 사회적 비용은  쉬쉬 ,Economic
93, ET  김포 강남   분 하늘 나는 택시가 온다 ,Economic
94,  억 넘는 초고가 서울 아파트 대출 막아도  년간  억 올랐다,Economic
95,이주열  당분간 물가 급등세  금리 인상 신호 vs KDI  금리 인상 속도 빠르다 ,Economic
96,내년 입성 앞둔 마켓컬리 SSG 등  불똥튀나  긴장,Economic
97, 화물기사들 불안심리에 사재기    정부 또 손놓고 있다  국민 탓  요소수 대란 ,Economic
98, 복덕방기자들  일조권  아파트 리모델링사업 걸림돌 될 수도 ,Economic
99, 단독  IPO 심사 강화     공모가 거품  확 뺀다,Economic
100,  곳 중  곳 한달만에 공모가 아래로    월 이후 청약증거금 경쟁률도 시들,Economic
101,드론에 사람 태우고 도심 하늘 비행 국토부  UAM 실증시험,Economic
102,현대차 기아 차세대 전기차  세븐 EV    서 나란히 첫 공개,Economic
103,요소수 품질인증 기관  곳뿐   동남아서 들여와도 의뢰폭주에  검사 병목 ,Economic
104,미입주자      잔금대출 못받아 집들이 못해요 ,Economic
105, XM  유럽시장 돌풍  내년 수출   만대도 자신   현장르포 ,Economic
106,가계부채 걱정하던 이주열 이젠  인플레 장기화 우려    이달 금리 인상 유력,Economic
107,  억 줄때 나간다  희망퇴직 러시 난감해진 시티은행의 묘책,Economic
108,인플레 헤지수단   디지털    코인 뜬다,Economic
109,박스장에 지친 동학개미   증시로 갈아탄다,Economic
110,현대차그룹     년 탄소중립  원자재 부품까지 다 바꾼다  저무는 내연차 시대 ,Economic
111, 시그널  테일러메이드  상장 향해  볼트온  속도,Economic
112, 올    내년    성장  금리인상 대출규제 속도 조절해야   KDI 내년 경제전망 ,Economic
113,NFT 나왔다 하면 상승  엔씨  상한가    분 국내주식 ,Economic
114,두산공작기계 품는 디티알오토  부품사 넘어 성장  변신  시동 ,Economic
115, 최대  억원  씨티은행 희망퇴직에      명 신청 직원의    ,Economic
116, 요소수 대란  호주산 요소수  만 천 리터 우리나라 왔다,Economic
117,대출 끊기자 무주택자 몰린  인천 집값  상승세 확 꺾였다,Economic
118,K조선 재도약  한국조선해양 올 수주목표      달성,Economic
119,퇴직금 최대  억   한국씨티은행 직원     명 희망퇴직 신청,Economic
120,  곳 중  곳 한달만에 공모가 아래로    월 이후 청약증거금 경쟁률도 시들,Economic
121,구체제 경제의 복수    CPI   년 최고  커지는 인플레 압력,Economic
122,기아     년 유럽서 전기차만 판매       탄소중립 전략  공개 종합 ,Economic
123,테슬라 대항마 리비안  화려한 데뷔   시총  GM 넘었다,Economic
124,SH사장 후보자  혁신파크에 공공주택  발언에   은평구  잘못된 발상  반발,Economic
125, 넷플릭스 성공 경험  LGU   월  만원대  IPTV 디즈니  ,Economic
126,세금 미뤄서 지원금 재원을  명분 실효성 논란,Economic
127,제넥신  지속형 성장호르몬 제제  GX H   중국서 상업화 속도낸다,Economic
128,삼성 LG전자  CES 혁신상 휩쓸어   폴더블폰 올레드TV 등 총   개,Economic
129, 단독  역차별에 외국인 부동산 휩쓸자 뒤늦게 자금 출처 나섰다,Economic
130,씨티은행 임직원     여명  짐 싸겠다  희망퇴직 접수,Economic
131, 최대  억원  파격 퇴직금에 씨티은행 희망퇴직 신청     명 종합 ,Economic
132, 단독   문과 출신 취준생 어쩌나  하나 우리은행 공채 없애나,Economic
133,  m 상공서    날았다   년 뒤면 김포 강남   분만에  드론택시 김포공항서 시험비행 ,Economic
134,커지는 인플레 공포  국채 금리 달러값 급등,Economic
135,기아      년 전세계 주요시장 전기차만 판매 EV  콘셉트카 공개,Economic
136, 국민 다수 원하면 원전 다시 생각해야  한전 사장의 직언,Economic
137,울산항 주유소  곳 요소수 판매 무작정 기다리는 화물차량들,Economic
138,한달전부터 예고된 요소대란 위기징후 정부만 몰랐다,Economic
139, 단독   전세계 요소 공급 회복까진 최소 반년 긴 겨울 대비해야 ,Economic
140, 영상  김포공항   잠실   여 분 만에 가는 교통수단은 ,Economic
141,사람보다 기술이 급한 은행들 개발자 우대로 문과생 더 타격,Economic
142, 연봉 억 오래 준비했는데 날벼락  은행권 취준생들 망연자실,Economic
143,신입은 안뽑고  대 은행     명 명퇴행렬,Economic
144,내일부터 네이버 카카오 앱으로  부스터샷  당일 예약 접종,Economic
145,바이든  물가부터 잡아라  급해진 연준  금리인상 앞당기나,Economic
146,요소수  컨트롤타워 부재가 만든    흔들리는 에너지 경제안보,Economic
147,수도권 주춤  대구 멈춤  세종 하락 집값  잡히나 종합 ,Economic
148,또다시  만전자 깨졌다 짐싸는 동학개미들,Economic
149,내일부터 유류세    인하 주유소는 언제 가야 쌀까  Q A ,Economic
150,주가      급등  현대차에서 건 전화 한 통에 시작 됐다,Economic
151,대한전선  무상감자 유상증자 소식에 급락,Economic
152,서민들 내집마련 힘든데 외국인은 환치기로 아파트 싹쓸이,Economic
153,  금리인상 우려에 국채  년물 다시     대 상승,Economic
154,반도체 디스플레이 배터리  미래 소재 에 베팅한 기업들,Economic
155, 더 방치땐 국내부동산 외국인 놀이터 될수도  정부  뒷북 대책 논란,Economic
156,증권사     클럽  벌써  곳  동학개미 덕분 ,Economic
157,대출 규제 금리 상승 예대금리차     P    년 만에 최대 ,Economic
158, 내달 부천대장 고양창릉 지구계획 확정  LH  인천권 주택공급 회의,Economic
159,신용 높은데 금리 왜 높지  대출상식 깨진 이유는,Economic
160,코스트코  올해   매출 사상 첫  조 돌파     본사에     억 쐈다,Economic
161,   만주 쓸어간 슈퍼개미 누구냐  발칵 뒤집힌 엔씨 종토방,Economic
162,씨티은행 노조      여명 희망퇴직 신청 ,Economic
163, 코인 과세논란     기타자산  분류 문제 많아 시세 하락하면 ,Economic
164, 위중증 최다 인 날  의료연대 그들은 왜 거리로 나섰나,Economic
165, 원전은    대상 아냐 과학적 접근 필요 ,Economic
166,오피스텔 이상과열 매매량  사상 최대 ,Economic
167, 내년 신흥국서 자금 대거 이탈 우려 ,Economic
168,SM 손자 디어유   따상  터치 후 이튿날 털썩 주가 전망은 ,Economic
169, 주식 팔까  물어봤던 머스크  사흘간  조원어치 진짜 팔았다,Economic
170,요소수  승용차 최대   L 화물차   L 제한,Economic
171,MZ세대  승진보다 성과급    대 무보직자  버티고 보자 ,Economic
172, 요소수 거래금지  않겠다던 당근마켓  반나절만에 입장 번복 왜 ,Economic
173,하늘을 나는 택시가 온다    도심항공교통  모습은 ,Economic
174,수익률 눈부시네 에르메스 루이비통 덕에 훨훨 난 펀드,Economic
175,질주하는 LG유플 영업익   조클럽  눈앞,Economic
176,국산  에어택시  성큼  앱  하나로 공항 도심    분  하늘길 종합 ,Economic
177,올 들어 해운대 아파트값     올랐다,Economic
178,바이든도  물가잡기 최우선  긴급성명   연준 금리대응 속도낸다,Economic
179,삼성   개  LG   개 CES 혁신상  한류 열풍 ,Economic
180, 대리점 사장님 울린 갑질 본사 꼼짝마  앞으론  배 징벌적 손해배상가능해 진다,Economic
181,박용만 회장  동대문 뒷동네 삶  기업인이기 전 국민이란 자각 일깨워 ,Economic
182,서울 아파트값 상승세 둔화 계속  주 연속 상승폭  뚝  종합 ,Economic
183, 이런 적 처음  투자 열기 역대급     도  패닉바잉  나섰다,Economic
184,   명 중  명 짐싼다  씨티은행 희망퇴직     여명 신청,Economic
185,삼성  반도체 패키징 도 초격차 메모리  개 탑재 솔루션 개발,Economic
186,범삼성가 신세계 후광효과 누리는 LG전자 MZ세대 공략 드라이브,Economic
187,전지협회   폐배터리 재사용  연합체 결성 추진,Economic
188,이재용  잡스  멘토 에 미래 고민 털어놨다,Economic
189,요소수 초기 대응 놓친 정부    늑장 대처  구조적 문제가 사태 키워 ,Economic
190,엔씨소프트  내년 NFT 진출 선언  분기 실적 부진에도 상한가 직행,Economic
191, 주식     팔까  물어본 머스크  사흘간 테슬라    팔아 종합 ,Economic
192, 국민 원하면 원전 비중 다시 검토해야 ,Economic
193,씨티은행      여명 희망퇴직 신청  내년  월까지 순차적으로 퇴직 ,Economic
194, 잠실 따라잡자  오금 가락동 정비사업  활발 ,Economic
195,  대 증권사   분기 누적 순이익  조원 안팎 예상 종합 ,Economic
196,잠실  단지 중형   억원 넘었다 대출 조여도  똘똘한 한 채  수요,Economic
197, 억 퇴직금에 씨티은행 직원   명 중    명 희망퇴직 신청,Economic
198,공급난에 수익성 악화   건강식 비욘드미트 오틀리 주가  뚝   자이앤트월드 ,Economic
199,    위 가상화폐 거래소  코인베이스 부진  지금이 저점매수 기회 ,Economic
200, 대리점 사장님 울린 갑질 본사 꼼짝마  앞으론  배 징벌적 손해배상가능해 진다,Economic
201,박용만 회장  동대문 뒷동네 삶  기업인이기 전 국민이란 자각 일깨워 ,Economic
202,화이자 부스터샷 접종 후 사망신고  건 첫 사례,Economic
203,정비사업 복귀한  삼성물산의 힘  수주전  전 승,Economic
204,공수처   판사사찰 문건  의혹 윤석열 이어 손준성도 입건,Economic
205, 최대  억원  씨티은행 희망퇴직에  천   명 신청 직원의    ,Economic
206, 암호화폐 팀  만든 트위터  디지털거래 등장하나 비트코인     만원대,Economic
207, 샀다하면 대박      만원 롤렉스 시계  되팔면 버는 돈이,Economic
208,    만원  짜리 장난감  없어서 못산다   대 도  열광 ,Economic
209,이재명 가상자산 과세  준비부족론 에 정부  자신 있다 ,Economic
210,돈 없는   대도 할 수 있다  수익률       재테크 비결,Economic
211,  정부  부동산 개발업체 대출규제 완화 검토 ,Economic
212,요소수 중고 되팔기 금지 당근마켓  나눔만 허용 종합 ,Economic
213,대구 아파트값 상승률      마침내 멈춘 상승 랠리,Economic
214, 박종훈의 경제한방  지지부진한 증시  채권 투자가 대안이 될 수 있을까 ,Economic
215,코스피  기관 매도에 하락 마감 엔씨소프트 상한가,Economic
216,결국 당근마켓도  요소수 개인 거래  막는다,Economic
217,인플레 공포  위험회피 심리 자극  암호화폐 금 등으로 자금이동 ,Economic
218,아직 배고픈 크래프톤  올 매출  조원대 예고,Economic
219,기아      년부터 주요시장서 내연차 안 판다   EV   콘셉트카도 공개,Economic
220,조용한 어촌마을 단  시간 만에 쓰레기산이 생겼다,Economic
221,철수 반대했었지만      억  퇴직금에 씨티직원    가 손 들어,Economic
222,현대차그룹      년 모든 국가서 내연기관차 판매 전면중단,Economic
223,기아      년부터 주요시장서 전동화 차량만 판매한다,Economic
224,기아      년 탄소중립    EV  콘셉트카 이미지 공개,Economic
225,금감원  부원장보 인사 단행 이준수 이경식 승진 종합 ,Economic
226, 영상뉴스   우주에서 잘 나가던 빵이 지구에 왔다 ,Economic
227,요소수 긴급수급  주유소서 최대   리터 가능 ,Economic
228,테슬라  시총  조 달러  달성  더 간다  vs      폭락  갑론을박  여의도레이더 ,Economic
229, 세로뉴스  치료제 있으니까 백신 안 맞는다  먹는 코로나 치료제 Q A,Economic
230,기아     년 유럽서 전기차만 판매       탄소중립 전략  공개,Economic
231,기아 대형 SUV 전기차  EV   콘셉트 공개      년 주요시장 내연기관 퇴출 ,Economic
232,P P업계 구조조정 속 부동산이 희비 갈랐다,Economic
233,현대차 기아     년부터 경유 휘발유  퇴출  전기차만 판매,Economic
234, 최대  억 퇴직금  씨티   최종     명 희망퇴직 신청,Economic
235, 제    의 요소수 대란 피하려면 해외 자원개발 등  무기화  절실 ,Economic
236,이젠  로또  오피스텔  경쟁률     대   거래량도 역대 최고,Economic
237,NHN한국사이버결제      무상증자 결정  주주가치 제고 ,Economic
238,국민평형     단일면적       e편한세상 신곡 파크프라임  이달 분양,Economic
239,영업익 반토막난 엔씨소프트  상한가 이유는  대체불가토큰 NFT  ,Economic
240,조용한 어촌마을 단  시간 만에 쓰레기산이 생겼다,Economic
241,철수 반대했었지만      억  퇴직금에 씨티직원    가 손 들어,Economic
242,현대차그룹      년 모든 국가서 내연기관차 판매 전면중단,Economic
243,기아      년부터 주요시장서 전동화 차량만 판매한다,Economic
244,기아      년 탄소중립    EV  콘셉트카 이미지 공개,Economic
245,금감원  부원장보 인사 단행 이준수 이경식 승진 종합 ,Economic
246, 영상뉴스   우주에서 잘 나가던 빵이 지구에 왔다 ,Economic
247,요소수 긴급수급  주유소서 최대   리터 가능 ,Economic
248,테슬라  시총  조 달러  달성  더 간다  vs      폭락  갑론을박  여의도레이더 ,Economic
249, 세로뉴스  치료제 있으니까 백신 안 맞는다  먹는 코로나 치료제 Q A,Economic
250,기아     년 유럽서 전기차만 판매       탄소중립 전략  공개,Economic
251,기아 대형 SUV 전기차  EV   콘셉트 공개      년 주요시장 내연기관 퇴출 ,Economic
252,P P업계 구조조정 속 부동산이 희비 갈랐다,Economic
253,현대차 기아     년부터 경유 휘발유  퇴출  전기차만 판매,Economic
254, 최대  억 퇴직금  씨티   최종     명 희망퇴직 신청,Economic
255, 제    의 요소수 대란 피하려면 해외 자원개발 등  무기화  절실 ,Economic
256,이젠  로또  오피스텔  경쟁률     대   거래량도 역대 최고,Economic
257,NHN한국사이버결제      무상증자 결정  주주가치 제고 ,Economic
258,국민평형     단일면적       e편한세상 신곡 파크프라임  이달 분양,Economic
259,영업익 반토막난 엔씨소프트  상한가 이유는  대체불가토큰 NFT  ,Economic
260,조용한 어촌마을 단  시간 만에 쓰레기산이 생겼다,Economic
261,철수 반대했었지만      억  퇴직금에 씨티직원    가 손 들어,Economic
262,요소수 주유소서만 판매 승용차   L 화물차   L 제한 종합 ,Economic
263,코스피 기는데  NFT 에 펄펄 끓는 게임  엔씨는 상한가 종합 ,Economic
264,오피스텔  담배 민원  사라질까 아파트 수준 배기설비 설치 가능,Economic
265,코넥스 떠나는 대장 툴젠   수  끝 코스닥 안착 도전,Economic
266,내일아침 디즈니  ON  LG유플  월  만    원 요금 출시 ,Economic
267,신고가 잇따르는 강원권에 아파트 분양 관심,Economic
268,이재용   차 공판  골드만삭스  설전  마케팅 활동  vs  경영승계 조언 ,Economic
269,NHN한국사이버결제  증자비율     무상증자    주주가치 제고 ,Economic
270, 생생경제  대형주 수급적 악재 계속 돼  연말엔 개선 가능성 있어,Economic
271,대우조선해양  그리스 선주로부터 LNG운반선  척 수주,Economic
272, 대리점에 보복시  배 배상 대리점법  국회 본회의 통과,Economic
273,씨젠   분기 영업익      억원   전년비       ,Economic
274, 리비안  상장에  차전지주 강세 에코프로     급등,Economic
275, 마카오 못가니 강원랜드 갔네  희비 엇갈린 카지노  인방,Economic
276, 시그널  맥쿼리  LG 부동산 관리 사업 인수한다,Economic
277, 단독  YG  하이브 두나무와  NFT  뛰어든다,Economic
278,남원 개발호재 누리는  남원 차 오투그란데 디아트 ,Economic
279,윤곽 드러내는 정은보 ,Economic
280,크래프톤  게임주 강세 신작 기대감에 최고가     급등,Economic
281,미래에셋이 베팅한   ETF 캐시우드 넘어 격차 확대,Economic
282, 대출 막았는데 별무소용    억원 넘는 아파트   년간     상승,Economic
283,르노 조에    월 독일서 테슬라 제치고 전기차  위,Economic
284, 탄소중립 위한 기업들의 대전환  이미 시작됐다 ,Economic
285, 단독  알박기 못참아  장위  구역  전광훈 교회 빼고 재개발 진행,Economic
286,한은 KDI 금리인상 놓고 충돌   경제성장률은    낙관,Economic
287,대장  삼성전자 열흘만에 또   만전자      팔자 종합 ,Economic
288, 위드코로나 디스플레이  호황 끝   걱정 덮으라는 빅 ,Economic
289,메타버스만 걸치면 실적부진 쯤이야   컴투스 목표가 줄줄이 대폭 상향,Economic
290,사업비  조 규모 한남 구역 조합장 선거  잡음  사업 지연되나,Economic
291,주성종합건설   테라팰리스 인덕원  차    월 분양,Economic
292, 따상상상  후 조용했던 SK바이오팜  중국도 진출  기지개 본격화,Economic
293,대출 규제 거래부진 서울 아파트값  주 연속 상승폭 축소 종합 ,Economic
294,자주  대나무 화장지  돌풍   개월 만에  만개 판 비결은 ,Economic
295,옵션만기   증시 하락에 코스피 하락 업종 쏠림 현상 뚜렷,Economic
296, 위드코로나  기지개  관광업계  넘어야 할 산은,Economic
297,최태원의  글로벌 스토리  장착한 SK  동남아서 연이은 성과,Economic
298,내일부터 유류세 한시적 인하    휘발유  당    원 경유    원 ,Economic
299,김포공항 강남까지   분  하늘 나는 택시  직접 보니,Economic
300, 긴급수급  시행   제  요소수 사태방지 관리품목 확대,Economic
301, 홍삼도 담보 되네    동산대출  조 늘었다,Economic
302,한은 KDI  물가 전망 기준금리 인상 놓고  시각차 ,Economic
303, 애플 메타버스 진출 최대 수혜주    날아오른 LG이노텍,Economic
304,엔씨소프트  부진한 실적에도 NFT 게임 기대감에  상한가 ,Economic
305,  개월만에 또   AI 엄습에 망연자실한 음성 가금농장,Economic
306, 비토  인기몰이  현물 ETF 승인 가능성은 낮아 ,Economic
307,미래에셋증권  금융투자업계 최초  년 연속 영업익  조 돌파,Economic
308, 끝 은 있다는 공급발 물가 급등  그래서 끝은 언제  ,Economic
309,LH  올해 인천에만  만    가구 공급 내년 광명 시흥도 예고,Economic
310,영종  운서 중산  노후화 심화   운남 신축 대단지 관심,Economic
311,정은보  종합검사 폐지는 아니다 사전 검사 강화  종합 ,Economic
312,갑질 신고한 대리점에 보복 땐 최대  배 손해배상해야,Economic
313, 인플레 공포 에 얼어붙은 투심 코스피  장중     선까지 밀려,Economic
314,씨젠   분기 누적매출     억원 올해도   조 클럽  예약,Economic
315,열흘 만에 또   만전자  삼성전자  반등 시기는 ,Economic
316,배추 가격     올랐다  롯데슈퍼  해남 배추 공수해 최대     할인,Economic
317,코스피      선으로 밀려 기관 외인  크래프톤 엔씨 동반 순매수,Economic
318, 위드 코로나 인데 아직도 말뿐인 도심 공유숙박,Economic
319, 오후초대석  대기업 임원 문턱 더 높아졌다 달라진 인사 트렌드는 ,Economic
320, 분기 오프라인 유통 성적표는 백화점 호실적  대형마트 고전,Economic
321,재건축도 청신호 여의도 강남  신속통합기획  신청,Economic
322, 신속통합기획  순항   오세훈표 재개발 본궤도,Economic
323,이마트  이베이 인수 마무리  이커머스  강  경쟁 본격화,Economic
324,심각한 미국 물가 충격     년대 초인플레 다시 오나,Economic
325,미래에셋증권   년 연속 영업이익  조원 돌파,Economic
326,무주택자 버팀목  디딤돌대출  금리도 오른다,Economic
327,오늘부터 차량용 요소수    만 생산 버스 청소차에 우선 공급 종합 ,Economic
328, 요소수 사태 남의 일 아니네  K 배터리  광산투자 합작 강화,Economic
329,베트남 간 SK 글로벌 스토리  최대유통사에     억 투자,Economic
330, 원전 옹호  반기문에 환경단체  에너지 전환 이해도 못한 발언 ,Economic
331,    조 가계부채 소방수 누구  금융당국 인사  촉각 ,Economic
332, 신작 그래픽 미쳤네  크래프톤 주가     급등,Economic
333, 카뱅이 롤모델   IPO  수생 툴젠  바이오 침체 속  조 가치 강행,Economic
334,삼성증권  ELS 조기상환  땡큐   Q 서프라이즈,Economic
335,     가구 프리미엄 랜드마크 현대엔지니어링   힐스테이트 초월역    월 분양 예정,Economic
336, 뉴스줌인 외면받는 국산 풍력터빈 왜 ,Economic
337, 단독 이베이코리아  크로스보더 사업   법인에 넘긴다,Economic
338,내일 버스 청소차 중심 요소수 공급  호주 물량은 민간 구급차에 ,Economic
339,대우조선해양  그리스 선주로부터 LNG운반선  척 수주,Economic
340, 분기 오프라인 유통 성적표는 백화점 호실적  대형마트 고전,Economic
341,산부인과에  분유 써달라  리베이트 한 남양 매일유업  공정위 제재,Economic
342, 핫스탁 지오엘리먼트 아이티아이즈 대한전선 종합 ,Economic
343,베트남서 요소     t 추가 확보  요소수    만  국내 생산,Economic
344, 계약금액         억  세계 제약사 유독 북적이는 이 부스,Economic
345,KDI  지원금  선별지원이 바람직 국가채무 급증 통제해야 ,Economic
346, 강산 바뀌어도 최저주거기준 제자리 쾌적주거기준 도입해야 ,Economic
347, CES  혁신상 휩쓴 삼성 LG 두달 앞두고 벌써 경쟁  후끈 ,Economic
348,개미도  양극화  동 서학개미 수익률  극과 극 ,Economic
349,SK  동남아서 잇따른 투자 최태원  글로벌 스토리  이어간다,Economic
350,내일부터 카카오 네이버로 부스터샷 당일예약 가능,Economic
351,코스피  기관  팔자 에 소폭 하락  게임  차전지 업종 강세,Economic
352,한화건설 시공  상현역과 매봉숲 품은  시그니처 광교  차  분양,Economic
353,서울 강북권 빌라 매매가  억 돌파 아파트값 급등  대출 규제에 빌라 인기,Economic
354,창원동전산업단지 직주근접 수혜처로 주목받는  창원 무동 동원로얄듀크 ,Economic
355,   억 빌려주고  우리 분유만 써  남양유업    억 과징금,Economic
356,미래에셋증권   분기 누적 기준 업계 최고 영업이익 달성,Economic
357,글로벌 원자재 대란에 자원강국 부상 중국 규제에 인도도  방긋 ,Economic
358,한국은행 내년 첫 금리결정  월  일 금통위 정기회의 일정 공개,Economic
359,금감원  이번주 추가 임원 인사 단행 이준수 이경식 부원장보 승진,Economic
360,할인에 할인을 더했다 중형세단 가성비 끝판왕  르노삼성     년형 SM ,Economic
361, 코로나 치료제 만들다 본업 놓쳐  셀트리온 목표가 줄줄이 하향,Economic
362,화사했던 코스맥스 주가  주름살  올해 상승분 반납,Economic
363,이재명  코인 세금 늦추겠다  공약 대선 전에 세금 내는 사람은 ,Economic
364,이마트  이베이코리아 인수 마무리 e커머스  위 등극 종합 ,Economic
365,울며겨자먹기로 중저신용자 끌어 안는 인터넷은행들,Economic
366, 기관 팔자 에 코스피 소폭 하락      대 마감 종합 ,Economic
367, 취임    일  정은보   부원장보 인사 조직 개편 시동,Economic
368,SK  마산그룹 산하 유통 기업  크라운엑스 에  천억 투자,Economic
369,정책 실패 떠넘기기 언제까지 정부    억 이하  아파트까지 조사,Economic
370,롯데쇼핑  롯데송도쇼핑타운 합병    송도몰 개발 박차 의지 ,Economic
371, 마켓인 LG그룹 부동산 관리 사업부 새 주인에 맥쿼리PE,Economic
372, 애널리스트 칼럼  반도체 투자 전략을 되짚어 볼 때,Economic
373,베트남서 차량용 요소수   만L 추가확보   호주산 민간구급차 우선 배정,Economic
374,     세 접종 사전예약률     그쳐   접종 받아달라 ,Economic
375,현대차 LG  글로벌 자율주행 특허  TOP    ,Economic
376,    식품주 뜨거운데 한국에도 온기 퍼질까,Economic
377,맥쿼리PE  LG 부동산관리 사업 인수,Economic
378,휘발유 가격 내일부터 L당    원 싸진다 유류세     인하,Economic
379,상장 후 첫 실적이 적자 또 주저앉은 카카오페이,Economic
380,할인에 할인을 더했다 중형세단 가성비 끝판왕  르노삼성     년형 SM ,Economic
381, 스타벅스 쓱닷컴 잘 나가네  이마트 역대 최대 분기 매출,Economic
382,  억 줄 때 나가자  희망퇴직 신청 폭주에 난감해진 씨티은행,Economic
383,에코프로비엠  리비안 상장에    급등  차전지   껑충 ,Economic
384,정은보  종합검사 폐지 안 한다 대출금리 당국 관여 어려워 ,Economic
385, 코스피 마감 기관  팔자  속 하락해      선  게임  급등,Economic
386, 코인뉴스  비트코인      만원대 내려앉아 숨고르기 언제까지,Economic
387,테슬라 시대 끝  대항마  리비안 에 서학개미 투심은,Economic
388,투자 큰손들  ESG 기업가치  한목소리 투자패러다임 바뀐다,Economic
389, 외환마감 달러 강세에도 수급상 매도 우위 환율      원대 약보합 하락,Economic
390,두산건설  반월역 두산위브 더센트럴   일 금  그랜드 오픈,Economic
391, 오늘 신차 계약 물렀습니다   경유차  종말 빨라진다,Economic
392,한은 금통위  내년 첫 금리결정 회의  월  일 개최,Economic
393, 뉴시스 창사   주년   년 후 한국  만불의 꿈 열린다 종합 보 ,Economic
394,스타벅스  분기 영업익    억으로 껑충  코로나   기저효과 ,Economic
395,SK그룹  베트남 마산그룹  크라운엑스 에     억원 투자,Economic
396,코스피  기관 팔자에         삼성전자   만전자  마감,Economic
397, 삼천피 도 버거워진 코스피   인플레 우려에 하락,Economic
398,머스크의 테슬라 주식 매각은 사전 계획된 것  WSJ,Economic
399, 단독 한국토지신탁  가상자산 거래소 투자 부동산 NFT  시동 ,Economic
400,집값 주춤하지만 민간연구소들  내년에도 하락은 없다 ,Economic
401, 가장 한국적으로  맨해튼서  작은 서울  구현한 제네시스,Economic
402,이재명  가상자산 과세 유예  공식 표명,Economic
403,서울 구로 영등포 일대 KT인터넷 장애  복구완료,Economic
404, 곧 가을 엔딩  서울의 단풍 뷰 맛집   ,Economic
405, 최대  억원  파격 퇴직금 씨티은행 희망퇴직     여명 신청,Economic
406,부산 북항 신항 인근 주유소서 요소수 판매 물류차질 대응,Economic
407,크래프톤  영업이익     억원 호실적  뉴스테이트  기대감,Economic
408,중장년   명 중  명  손주 돌볼 계획 없어  인생은 지금부터 ,Economic
409,KDI  이재명 전국민 지원금 반대     피해 계층에 선별적 지원 필요 ,Economic
410,만도 KETI   전기차 충전용  자율주행로봇 공동 개발,Economic
411,이주열  불확실성 갈수록 커져   이달 금리   로 인상할 듯,Economic
412,이재명  에너지 고속도로 건설  vs 윤석열  탈원전 되돌린다 ,Economic
413,LH  올해 인천서 공공분양 사전청약 등  만    가구 공급,Economic
414,대출규제의 역설   집값 비쌀수록 더 뛴다,Economic
415,LG그룹  자회사 S I 빌딩 관리 사업 맥쿼리PE에 매각 추진,Economic
416, 아이들 게임매출 급감    년 만에 분기 이익 줄어든   텐센트,Economic
417,정은보   종합검사 폐지론  일축    사전검사로 소비자보호 강화 ,Economic
418,  억이하 아파트  규제 조짐에 손터는 투자자  세입자만 울상,Economic
419, 퇴직금이  억   씨티은행 희망퇴직 폭주  그럴만하네,Economic
420,KDI  인플레는 일시적  금리 인상 불지피는 한은에 또  반박 ,Economic
421, MSG 알아도 ESG 몰랐는데 이제 ESG 투자는 기본 ,Economic
422, 단비 같네요  요소수 긴급 공급에 화물 트럭기사  반색 ,Economic
423,  일 라임펀드 판매 증권사 징계수위 결정,Economic
424,씨티  노조  자산 매각하면 기존 대출고객 금리 오르고 한도 축소 ,Economic
425,베트남에서 차량용 요소수   만 리터 산업용 요소  천 톤 추가 계약,Economic
426, 부산 가양 펠릭스하이      가구 공급 예정,Economic
427,버스 청소차 등 공공차량에 요소수   만  우선 공급,Economic
428,코로나 백신 부스터샷    일부터 SNS로 당일 예약 접종 가능 상보 ,Economic
429,추가접종 간격 단축되나   단축 여부 다음주 발표 ,Economic
430, 마마무 소속사  알비더블유  오늘부터 일반 청약   수요예측 경쟁률        대  ,Economic
431, 비 기재부  첫 경제수석 탄생 산업부 출신 박원주  요소수 사태 구원투수로 발탁,Economic
432,오늘부터 차량용 요소수    만 생산 운송에 국가필수선박 투입,Economic
433,정부  베트남 요소     t 요소수   만  추가 확보 ,Economic
434,호주산 차량용 요소수 민간구급차 배정 베트남서   만L 추가확보,Economic
435,정부   요소    t 요소수    만   생산 시작 화물차   일치,Economic
436, 대   달러예금  급증 한달새   억 달러  종합 ,Economic
437,IT업계   정부 반도체 자료 제출 요구에 우려,Economic
438,내달부터 페트병 분리배출   수거업체 이상 없나,Economic
439,머스크  트위터 설문 결과대로  테슬라 주식  조원어치 팔았다,Economic
440, 단독  토스증권  임원선임 공시 누락  금감원  제재 조치 예정 ,Economic
441,정은보 금감원장  종합검사 폐지 고려 안 한다 ,Economic
442,  월 ICT 수출   개월 연속 증가  반도체 누적     억달러 돌파,Economic
443,내주 호암 이병철   주기 범삼성가 용인 선영서 추도,Economic
444,삼성 LG  CES      혁신상 휩쓸어   총   개 혁신상 수상,Economic
445,한솔 무림 엇갈린 성적표 미래 기대는 오히려  상반 ,Economic
446,엄마한테 혼나면서 신고가로 집 산 딸    년여 만에 대반전,Economic
447, 분 만에  억    만원어치 슈트  매진  출근복 수요  폭발 ,Economic
448,한국조선해양이  탄소제로 선박  개발시기   년 앞당긴 이유,Economic
449,KB국민은행   KB와 에스파의 만남  메이킹 영상 공개,Economic
450,  소비자물가도   년 만에 최대폭 상승   인플레 공포에 한미 증시 동반 하락,Economic
451,인천 계양 테크노밸리 토지보상 정상 진행,Economic
452, 테슬라 대항마  리비안 화려한 데뷔  상장 첫날  빅   추월,Economic
453,코로나로 뉴욕 떠난 금융인들   명 중  명만 돌아왔다,Economic
454,몸집 불어난 엔터주  SM JYP도   조 클럽  가입 눈앞  팬덤 덕에 판 커진 엔터주  ,Economic
455,수도권 아파트 매매가격 상승세  주 연속 둔화,Economic
456, 커피가 너무 뜨거워서    억 배상 맥도날드의 이유있는 경고,Economic
457,메가마트몰  묻지마 할인  행사  최대     할인,Economic
458,KIEP  내년 세계경제 성장률      델타변이 확산세 통제가 최대관건 ,Economic
459,화성 동탄 신도시에  KAIST 사이언스 허브  조성,Economic
460,소상공인들  손실보상금  한 달 임대료도 안 돼 ,Economic
461,늑장대응 기업의존 배급제 셀프칭찬 마스크 대란 빼닮은 요소수 사태,Economic
462,공정위 철퇴맞은 삼성전자  구내식당  곳 추가 공개 입찰,Economic
463,  fn마켓워치  찬바람 부는 회사채 시장  CP 시장으로 몰리는 기업들,Economic
464, 코로나에 간편식 집밥 선호  소스류  년 새     성장,Economic
465,현대카드도  아멕스 카드  출시  전세계 호텔 공항 무제한 혜택,Economic
466,롯데관광개발  공매도 재개 이후  개월간 공매도  만주에 그쳐,Economic
467,오피스텔 전용면적     까지 바닥난방 설치 허용,Economic
468,  물가   년  최대 폭등  글로벌  인플레 공포 ,Economic
469,금감원장  종합검사 폐지 고려 안 해 재량적 검사 정상화할 것 ,Economic
470, 주가하락에 뚝  삼성생명   분기 순익     하락 종합 ,Economic
471, 난 채식 버거보단 그냥 버거  패스트푸드 주가 뛰는데 비건주 추락,Economic
472,하고싶은 일 없어 쉬는 인구    만 명  육박,Economic
473,스타벅스   분기 영업이익    억원 전년       ,Economic
474,오피스텔 바닥난방 전용     까지 허용 중대형 공급 확대,Economic
475,중장년      손주 돌볼 계획 없다 ,Economic
476,두산 CES      혁신상  관왕,Economic
477,홍남기  지원 보상금   조   조   조  모두 쉽지 않다 ,Economic
478,이주열 총재  알 수 없는 불확실성 확대되고 있다 ,Economic
479,정부    개국서 차량용 요소수     만리터 확보 가능할 듯 ,Economic
480, 조미료서 쥐 나왔어요   신고 들어가자 뒤바뀐 태도,Economic
481,신세계      년에는 ESG 경영 선도 기업으로 자리매김 할 것 ,Economic
482, 신용카드 크기  충전식 거리측정기 골프존데카  아톰 ,Economic
483, 종합  기술 우수성 입증한   기업 삼성 LG 등 CES 혁신상  싹쓸이 ,Economic
484,인천국제공항 여객 순위 세계  위  위    아시아 첫  위,Economic
485,대한토지신탁  전용     이하 중형 아파트  평창 스위트엠 엘크루  분양,Economic
486, 손실보상으로 임대료도 못낸다 제외업종에 현금지원 ,Economic
487,가상화폐 과세방안 토론회 열려 여야 과세 유예 입장 재확인,Economic
488,고가 다주택자  공포의   일  수천만원 종부세 청구서 온다,Economic
489,두산건설  인천  두산위브더제니스 센트럴 여의  분양 돌입,Economic
490,크래프톤  분기 영업이익      억원   전년        ,Economic
491,무주택자들   대통령 김현미 민주당 등 집값폭등  적  규탄 시위,Economic
492,주택 공급 적신호     기 신도시  문화재 변수  급부상  부동산    ,Economic
493,롯데  동탄점  화성시 KAIST와 MOU,Economic
494,인터넷은행 대출금리  중 저신용자 내리고 고신용자 올리고,Economic
495, 초점  전국 아파트 가격 상승세 또 하락  침체기 돌입  vs  숨고르기 ,Economic
496,원자재난에 요소수 사태까지 겪는데 시멘트 까지  시름깊어가는 시멘트업계,Economic
497,코스맥스  분기 매출호조에도 목표주가 줄하향   왜 ,Economic
498,전자업계 양대산맥 삼성 LG전자   위드 코로나 에도 깊어진 한숨,Economic
499, 리니지W  글로벌 일평균 매출    억  역대 최고 성과 ,Economic
500, 조미료서 쥐 나왔어요   신고 들어가자 뒤바뀐 태도,Economic
501,정부  요소수 대란  불안심리 탓   연말까지 수급 문제 없다 ,Economic
502,한국은행 KDI  성장률 물가전망 닮은꼴 금리인상 놓고선 충돌,Economic
503,스타벅스   Q 영업익    억 전년         코로나   기저효과  상보 ,Economic
504, 고탄소 제품  수출 어려워진다   탄소중립 선택 아닌 필수 ,Economic
505,정은보 금감원장  종합검사 폐지 고려 안해  종합 ,Economic
506, 헝다  디폴트 위기 가까스로 또 모면,Economic
507,삼성전자  사내식당 급식업체  곳 선정 중소 중견업체 선정,Economic
508,대출 규제에 거래 부진 수도권 아파트값 상승폭  주 연속 둔화,Economic
509,KIEP  내년 세계경제      성장 전망  헝다  큰 문제 안될 것 ,Economic
510,코리안리   분기 영업익    억   전년 동기         ,Economic
511,두산밥캣  산업차량 인수효과   인프라 투자 기대 실적  탄탄대로 ,Economic
512, 차세대 배터리 주인공은 나야 나  한중일 삼국지  전운 ,Economic
513,해외 IB도 놀란 한국 ESG 열기  ESG 배워야 산다 ,Economic
514, 전략물자 희토류 가격 연일 최고가    월     ,Economic
515,    만 회원  스벅  배달 확대 카페 자영업자와는 상생 협의,Economic
516,정의용  한중 장관회담 당시 요소수 보고받지 못해 ,Economic
517,유례 없는 오피스텔 열풍    일부터 오피스텔 난방       이하로 완화,Economic
518, 분기  매출 신기록  이마트  영업익은 감소  재난지원금 여파 ,Economic
519,크래프톤   분기 영업익     억   전년 동기        ,Economic
520,개미가 만들어준  벼락부자  사장님의 무더기 주식 매각,Economic
521,대우조선해양  그리스 선주로부터 LNG운반선  척 수주,Economic
522,화이자 부스터샷 후 사망 신고  건 국내 첫 사례,Economic
523,이마트  이베이코리아 인수 마무리   종속회사로 편입,Economic
524,박남춘 인천시장   조 천억 규모  민생경제 지원대책  발표,Economic
525,    년 하늘길 나는  드론택시 는 어떤 모습일까,Economic
526,PI첨단소재  유해 화학물질     재활용 목표 환경보호 원가절감 ,Economic
527,이마트  사상 첫 분기 매출  조 돌파,Economic
528, 분 만에 수트 매진   출근 재개에 남성 외출복 매출도  쑥 ,Economic
529,우리은행   우리WON뱅킹 첫 가입고객  대상 이벤트,Economic
530,은퇴하면 내 인생 살겠다는  신 중년  발목 잡는  캥거루족  자녀,Economic
531,제주항공 반려동물 운송 혜택 확대,Economic
532,전라북도  조 원대 내년도 자체 예산안 편성  민생회복 주력 ,Economic
533,코리안리   분기 영업익    억 전년비         ,Economic
534,수도권 아파트값 상승폭  주 연속 축소  매수세 감소 ,Economic
535,정은보  종합검사 폐지 안한다   사전검사도 강화 ,Economic
536,홍남기  지원금 손실보상 모두 반대      조    조    조든 결코 쉽지 않다 ,Economic
537,헝다    일    억달러 이자 지급 가까스로 디폴트 모면,Economic
538, 전세난 숨통 트이나  바닥에 온돌 깔린 중대형 오피스텔 늘어난다,Economic
539,한화가 자체 개발한 항법장치  해양경찰청 함정에 탑재,Economic
540,한은  내년 첫 기준금리 결정  월   일 ,Economic
541,역시  별다방    스타벅스   분기 영업이익 두 배  껑충 ,Economic
542,국가전략산업도  요소수 될라 기업에 떠넘긴  공급망 ,Economic
543,이마트 분기매출 첫  조 돌파   영업이익은 전년      하락,Economic
544,서경배 회장  통큰 지원    사옥 상가 임차료   개월 면제 뒤늦게 알려져,Economic
545,이마트  분기 매출  조원 돌파 사상 최고치,Economic
546, 월 국내은행 대출 연체율      로 역대 최저,Economic
547,국민지원금 제외 이마트   분기 영업익        종합 ,Economic
548,산은  강력경고 에 에디슨  전체 금융권에 대출 요청 의미 ,Economic
549,  일부터 유류세     인하 휘발유  당     원대 기대,Economic
550,동문건설   평택 지제역 동문 디 이스트  완판,Economic
551,노인 낙상 사고 위험  국내 연구진이 개발한 AI로 확 줄인다,Economic
552,SK바이오팜   Q 매출    억 전년   배이상 증가,Economic
553,대기업 뛰어드는 플라스틱 재활용 시장  중소기업 줄폐업 위기,Economic
554,케이뱅크  중저신용자 신용대출 금리 전격 인하,Economic
555,지원금 손실보상 모두 반대한 홍남기    조도    조도    조도 쉽지 않다 ,Economic
556,  월 입주예정물량  만    가구  년 평균치의  배,Economic
557,정은경  일상회복  단계 전환 어려울수도 방역조치 강화 가능 ,Economic
558,컬러강판  수요 증가에 실적 호조 해외시장 확대도 속도,Economic
559,이주열 한은 총재  고물가 당분간 지속    일 금리인상 확실시,Economic
560,카카오모빌리티  스트리스 합병 완료로 HD맵 기술 활용 고도화 ,Economic
561,역시  별다방    스타벅스   분기 영업이익 두 배  껑충 ,Economic
562, 프로필   경제수석에 산업부 출신 박원주  반도체 탄소중립  전문가,Economic
563,정부  요소수  아직 여력 있어 가격 규제는 최후의 수단 ,Economic
564,운정 최고층 주거복합단지  힐스테이트 더 운정  분양 앞둬,Economic
565, 점심 브리핑  주요 암호화폐 하락세   트위터  암호화폐 전담팀 설립 나선다,Economic
566,대출  제로    억 초고가 아파트   년 동안  억 올랐다,Economic
567, 현장연결  질병청  기본접종 후  개월 기준   주 전부터 추가접종 가능 ,Economic
568,해외 하늘길 열렸다   여행업계  휴양 허니문 패키지  출시 잇따라,Economic
569, 단독  올해 전세대출 평균 금액  작년보다     늘었다,Economic
570,은행권 노조  금감원에  점포폐쇄 가이드라인 강화해 달라 ,Economic
571, 전기차 주행거리     늘리는 배터리  딱  년만 기다리시라 ,Economic
572, fn마켓워치 맥쿼리PE  LG그룹 빌딩 관리 자회사 인수,Economic
573, 상수도관 굴착없이 보수  GS건설  친환경 신기술 인증,Economic
574,KDI  지원금  선별지원이 바람직 국가채무 적극 통제해야  종합 ,Economic
575,오피스텔 바닥난방 전용면적     까지 허용,Economic
576,국세청  코로나   반사이익  먹튀 한 사주 일가   명 정조준,Economic
577, 분유 저희 제품 쓰세요   산부인과 조리원에 로비한 남양유업 매일유업  과징금 ,Economic
578, ESG가 새로운 투자 패러다임 스쳐가는 변화 아니다 ,Economic
579,삼성  HBM  개 탑재하는 반도체 패키징 솔루션  H 큐브  개발,Economic
580,카카오페이   분기 적자 전환 소식에 신저가,Economic
581,은행노조  금감원에 은행 점포폐쇄 가이드라인 강화 요구서 전달,Economic
582,금감원장  시장 충격에 지방은행 더 취약 사전 감독 강화  종합 ,Economic
583,김현석 삼성전자 사장  AI로 기술혁신   년 앞당겨야 ,Economic
584,서울 아파트값  주간 상승폭   주 연속 둔화,Economic
585,아파트 탑층에 커뮤니티 조성하니 단지의 품격  쑥쑥 ,Economic
586, 세대 실손보험 나왔지만  여전히 보험사  끼워팔기 ,Economic
587,    년 인천공항 여객 아시아 위   세계 순위는  위로 하락,Economic
588,가계부채 위험 수준이라는데  월 은행 연체율        역대 최저 ,Economic
589,씨앤씨인터내셔널   Q 영업익   억원  코로나  에도 흑자전환 ,Economic
590, 이미 작년 투자규모 넘겼다  일동제약  진격의 R D ,Economic
591,이마트   분기 매출   조  돌파 사상 최고치 달성  상보 ,Economic
592,요소수  연말까지 주유소에서만 판매 화물차 대당 최대     구매,Economic
593,서울 아파트값  주 연속 상승폭 둔화 매수세 줄면서 거래량도 급감,Economic
594,두산 수소 드론 로봇 등 친환경 미래기술로  CES      혁신상   개 수상,Economic
595,  성급 호텔 빵보다 맛있다  정용진 부캐 빵집 가보니,Economic
596, 힘든 일  편견 깨면 여성이 일하기 딱 좋다는  도배사   정년없는 게 매력,Economic
597,이마트  분기 매출 사상 첫  조 돌파,Economic
598, 집잇슈  우극신  리모델링  잘 봐 대형건설사 싸움이다 ,Economic
599,미래에셋 박현주가 쏘아 올린 작은 공  금융시장의 한류 개척한다,Economic
600,카카오페이   분기 적자 전환 소식에 신저가,Economic
601,KDI도 이재명의  전국민 지원금  반대    취약 계층에 집중해야 ,Economic
602,한화큐셀  미국 텍사스서 첫 ESS 단독 단지 개발,Economic
603,온 오프라인 전부 동났다 요즘 없어서 못 판다는  갈색 휴지 ,Economic
604, 로터리  위기에 더욱 강한 뿌리 깊은 커버드본드,Economic
605,국책  KDI  한은 금융위에 경고   기준금리 인상 대출 규제  시장에 충격 ,Economic
606,이마트  사상 첫 분기 매출  조 돌파 온라인사업 성장 지속,Economic
607,대우조선해양  그리스서 대형 LNG운반선  척 수주,Economic
608,이마트  분기 첫 매출  조원 영업이익은     ,Economic
609,바닥 다지나 반등은 시도하는 코스피 코스닥,Economic
610,홍남기          조 지원금 어렵다  여야 공약 모두 반대,Economic
611, 백신 접종 효과   분기 서비스업생산 전국서 일제히 증가,Economic
612, 오징어게임  없는 디즈니   구독자 증가율 급감,Economic
613,삼성  반도체패키징 기술 혁신  H 큐브  개발,Economic
614,   억 쓴 창신 숭인 도시재생 추가 사업 반대한 주민들 왜 ,Economic
615,SK바이오팜    현지법인 설립    억달러 규모 지분 획득,Economic
616,현대카드   현대 아메리칸 익스프레스 카드   종 출시,Economic
617,NH투자증권  더   리포트   호  은퇴 후 생활비  발간,Economic
618,기후변화총회서 내연기관차 퇴출선언에 찬반 엇갈려,Economic
619,모트렉스   Q 영업익   억 전년       ,Economic
620,집값 꺾이나  수도권 아파트값  올해 최저 상승률 찍었다,Economic
621,삼성전자  반도체 패키징 혁신   차세대 솔루션  H Cube  개발,Economic
622,로킷헬스케어  하버드 공동개발 뇌질환 평가 인지 제품으로 메타버스 시장 선점 노려 ,Economic
623,KTX역 주변으로 부동산 중심축 이동   KTX신경주역 더 메트로 줌파크  주목,Economic
624,한은  내년 첫 기준금리 결정  월   일,Economic
625, 더 이상 뒷바라지는 싫은데  캥거루족 떠안은 중장년층      ,Economic
626, 뉴시스 창사   주년  메타버스 시대 시공간 초월 경험 소통 교육 이뤄진다 ,Economic
627,대우조선 그리스 최대선사 오랜 신뢰   년 간    척 건조계약,Economic
628,서한국 전북은행장  코인거래소 제휴계획 없다 ,Economic
629,머스크 지분 매도에도  천슬라  사랑은 여전    주새  억달러 매수  서학개미는 지금 ,Economic
630,대출금지 대상    억 초과 아파트  오히려  억 올라,Economic
631,주거용 오피스텔 공급 확대  바닥난방 허용기준     로 개정,Economic
632,권덕철 복지부 장관    일 코로나 백신 부스터샷,Economic
633,동문건설   평택 지제역 동문 디 이스트  완판,Economic
634, 로지부터 잔망루피까지  연예인보다 낫다  가상모델 ,Economic
635, 르포 우주의 레시피는 어떤 맛   청담동 제이릴라 빵집 가보니,Economic
636,요소수  연말까지 주유소에서만 판다 화물차  대당   리터 제한,Economic
637,KDI  인플레 일시적  VS 한은  높은 물가상승률 지속 ,Economic
638,마이데이터 시대 개편된 KB스타뱅킹  한번에 다 되는 금융앱 첫단추 꼈다  종합 ,Economic
639,수도권 아파트값  주 연속 상승세 주춤,Economic
640,요소수 구매 화물차  회     제한 주유소만 판매,Economic
641,맥쿼리PE  LG 빌딩관리 자회사 인수,Economic
642, 포스트IPO 아톤  금융에서 NFT까지 영역 확장 노려 실적도     ,Economic
643,국내    대 기업  신입 경력 뽑을 때  순위 채용 기준은 ,Economic
644,현대로템  캐나다 대만서     억원 규모 전동차사업 수주 청신호,Economic
645,디즈니플러스 출시  D      LG유플러스 KT 이용자 유치전 돌입,Economic
646,주유소만 요소수 유통  극약처방  요소수계  지오영  있다는데 어떤 회사 ,Economic
647, 택시 넘어 택배  넘보는 카카오 배송서비스  쌩배  인수 타진,Economic
648,임준택 수협회장  군 급식 수산물 경쟁조달 전환 전면 재고해달라 ,Economic
649, 김포공항에서 삼성역까지   분  SK텔레콤  수도권 공항셔틀 실증 성공,Economic
650,하나은행   수능 끝나고 뭐할까   수험생 대상 적금 이벤트 마련,Economic
651,  일부터 휘발유    원 경유    원 싸진다,Economic
652,부스터샷 매년 맞나  정은경  내년에도  개월 단위 검토 ,Economic
653,금리 인상에도 주택자금 수요는 여전   월 통화량     조  ,Economic
654,부광약품  전립선암 개량신약  SOL        특허등록,Economic
655,정용진 SNS에 날아든  재수 없다  악플 그가 남긴 쿨한 대댓글은,Economic
656,내일부터 유류세     인하  기름값 바로 내릴까  ,Economic
657,KIEP  내년 세계경제      상승할 것    녹색전환   성장에 리스크 ,Economic
658, 긴급수급조치  시행   한번에 최대    만 구매 가능,Economic
659, 철옹성  강남  구 집값 상승세  일제히 둔화,Economic
660, 초격차  목표 삼바 전세계 바이오  위탁생산     정조준,Economic
661,이마트 분기 매출 사상 첫  조원 돌파  분기 영업이익은         종합 ,Economic
662,전국 아파트 매맷값 전셋값 상승폭 줄었지만      주 연속 상승행진,Economic
663,지방은행에 선물 안긴 정은보 금감원장,Economic
664, 거래절벽 에  주째 둔화세 이어가는 수도권 아파트,Economic
665,분기에 조    단위로 버는 HMM  신규 투자는 짠물,Economic
666,신도시 택지지구 오피스텔 열기 속     힐스테이트 더 운정    월 분양 눈길,Economic
667,구로   영등포  KT 인터넷 장애    시간 만에 복구 완료,Economic
668, 뉴스초점  정부  요소수 긴급수급조치 시행 대란 해소될까 ,Economic
669,대출 조이자 짙어진 관망세 수도권 아파트값   주째 상승폭 둔화 부동산    ,Economic
670,대외연구원  내년 세계 경제      성장 미국      중국      ,Economic
671,대출 규제 거래부진 서울 아파트값  주 연속 상승세 주춤,Economic
672, 더오래      재건축 재개발 집 두개 주는 대신  세금 지옥 ,Economic
673, 억 싸게 팔린 직후 신고가  거래절벽  강남 아파트값 혼돈,Economic
674,서울 집값   주 연속 주춤 경기 인천도 상승률  뚝 ,Economic
675,서울 아파트값 상승세 둔화 계속  주 연속 상승폭  뚝 ,Economic
676,롯데       년까지 글로벌 ESG 기업으로 성장 ,Economic
677,현대차 현대중  직원 수능 수험생 자녀에게 격려 선물,Economic
678,KDI  내년 성장률      물가      전망  인플레이션 일시적 ,Economic
679,KDI  한은 금융위에  금리인상 대출규제 속도 조절 필요 ,Economic
680, 초격차  목표 삼바 전세계 바이오  위탁생산     정조준,Economic
681, 일문일답  산업부  요소수 가격상한제는 최후 수단       곳 매점매석 단속   곳 고발조치 ,Economic
682,올해 제 회 건축사 자격시험    명 합격 합격률     ,Economic
683,LIG넥스원   분기 영업이익    억원  전년   배 증가,Economic
684,  배 못벌면 환불 해준다더니    대 개미 울린 주식리딩방,Economic
685, 뉴시스 창사   주년  미래 고민해볼 수 있던 시간  뜨거운 관심,Economic
686, 뉴시스 창사   주년   년 후 한국  만불의 꿈 열린다 종합 ,Economic
687,이마트  사상 첫 분기 매출  조 돌파 영업익은     줄어,Economic
688,대우조선해양      억원 규모 LNG 운반선  척 수주,Economic
689,LG전자  차량용 AR사업 본격화,Economic
690, 뉴스테이트 대박조짐  크래프톤      상승 한때 VI 발동,Economic
691,코로나   확산에 인천국제공항 첫  아시아  위 ,Economic
692, 땡큐 머스크  테슬라 급락하자 이틀 만에     폭등한 종목은,Economic
693,삼성생명   분기 매출 늘었는데 영업이익은 반토막  왜 ,Economic
694, 르포 이곳에 들어가니 시간이 느려졌다  발렌타인  타임 슬로잉 ,Economic
695,이마트  이베이 인수 마무리 네이버쇼핑 쿠팡과  이커머스  강 ,Economic
696,중장년  은퇴하면 내 인생 살겠다  현실은  캥거루족  자녀 부양,Economic
697,한국서 CEO가  머스크처럼  주식매도 의향 밝히면  전문가  법률 위반은 아냐 ,Economic
698, 단독 LG 부동산관리 사업  맥쿼리PE에 넘긴다,Economic
699,대우조선해양      억 규모 LNG 운반선  척 수주 계약,Economic
700, 초동시각 금융시장에서 벌어지는 상식과 다른 현상,Economic
701,PG사 등록한 GLN인터내셔널  첫 행보는  싱가포르 ,Economic
702,이마트  이베이코리아 인수 마무리   일 자회사 편입,Economic
703,엔씨소프트 실적 감소에도 장중 상한가 터치 왜 ,Economic
704,SK바이오팜  현지법인  이그니스 로   시장 진출나선다  종합 ,Economic
705,이마트   분기 영업익      억 원  사상 첫 분기 매출   조  돌파,Economic
706,대우조선해양  LNG운반선  척 수주      억 원 규모,Economic
707,삼성 LG  CES      혁신상 휩쓸어 총   개 제품 기술 수상,Economic
708,KDI  내년 한국 성장률   로 전망  제조업  내년 성장에 크게 기여 못 할것 ,Economic
709,코스맥스   서 뷰티 업계 최초        만개 생산 돌파,Economic
710,코스피  장중 기관 매도에      하락     선 엔씨소프트 상한가,Economic
711,에브리봇     억 상당 유형자산 매입 결정  R D 공간 확보 ,Economic
712, 월 시중에 풀린 돈       돌파 증가폭은 줄어,Economic
713,홍남기 부총리  지원금 손실보상 제안 쉽지 않다 납부 유예 요건도 엄격 ,Economic
714, 분기로 버틴 삼성생명    Q 순익      RBC    p ,Economic
715,홍남기          조 지원금 손실보상 결코 쉽지 않다 ,Economic
716,하나은행  수험생을 위한  수능 끝나고 뭐할까   진행,Economic
717,롯데관광개발   개월 동안 공매도 물량  만주 ,Economic
718,이마트  분기 매출  조 돌파 스타벅스 영업익 두 배  껑충 ,Economic
719,  세대 화장품  토니모리 부활 날갯짓    억원 긴급 수혈,Economic
720,영끌해서 집 샀는데 또 금리 오르나 한은 총재  높은 물가 상승률 한동안 지속 ,Economic
721,요소수  승용차당 하루   L까지만 구매 가격규제는  아직  종합 ,Economic
722,대우조선  그리스서 LNG선  척 수주  올 목표치      달성,Economic
723, NFT  날개 단 엔씨소프트  장중 상한가 터치,Economic
724,이마트  이베이코리아 인수 최종 승인   일 편입,Economic
725,김장철 코앞인데 배추값     급등,Economic
726,바닥난방 허용 면적 완화  중대형 오피스텔 공급 가능,Economic
727,인천공항  수송 순위 아시아 첫  위  세계 순위는     위 하락,Economic
728,SK바이오팜  기술수출 현지법인 설립으로  시장 진출,Economic
729,대우조선해양      억 규모 LNG 운반선  척 수주 계약,Economic
730, LNG운반선 명가  대우조선  그리스 선주로부터  척 추가 수주,Economic
731,    인 가구용 중대형 오피스텔 공급 촉진 ,Economic
732,이마트  사상 첫 분기매출  조 영업이익은     감소 왜 ,Economic
733,홍남기    조   조   조 지원금 보상금 결코 쉽지 않다 ,Economic
734,전용     신축  억 미만 VS 구축  억     만원 당신의 선택은 ,Economic
735, 우리 분유 써라  산부인과에 저리대출한 남양유업 제재,Economic
736, 정부 규제 후폭풍  잔뜩 위축된 중국 최대 쇼핑축제,Economic
737, 시승기  부산에서 마주한 마세라티의 과거에서 이어지는 현재  그리고 미래로 이어질 현재,Economic
738,에브리봇  연구개발 공간 확보 위해    억원 규모 유형자산 매입,Economic
739, 대통령 믿고 전세 연장했다 이혼 위기    청와대 앞 규탄시위,Economic
740, 오후 주식시장은  외국인 개인 매수세에 반등 시도하는 코스피 코스닥,Economic
741, 요소수 판매는 주유소에서만     승용차  대당   L 화물차   L 허용,Economic
742,엔씨소프트 장중 상한가  내년 NFT 진출  소식에 폭등,Economic
743,인천공항  국제여객 수송 아시아  위 달성,Economic
744,정승일 한전 사장  에너지 관련 논의  지나치게 양극화돼 ,Economic
745,디즈니  상륙 D   LGU  KT 이용자 유치 본격 돌입,Economic
746,엔씨   분기 영업익    억 원 신작 흥행 부진으로  반토막 ,Economic
747,이마트    일부터 이베이코리아 종속회사 편입,Economic
748,서울 대형 아파트  대출 전면금지에도  년간  억 올랐다,Economic
749, 자막뉴스   반년 이상 갈 수도    요소수 대란  앞으로 어떻게 될까 ,Economic
750,내일부터 유류세 인하 휘발유  당    원 줄어,Economic
751,스타벅스   분기 영업익    억 전년         보 ,Economic
752,삼성전자   CES      혁신상  휩쓸어  총   개 수상,Economic
753,AMC 대표     억원 규모 보유지분 매각    다 계획이 있구나 ,Economic
754,서울 구로 영등포 일대 KT인터넷 장애 광케이블 절단,Economic
755,오피스텔 바닥난방 허용면적         로 완화,Economic
756, 코로나 지원책에 또 역대 최저    월 은행 연체율      ,Economic
757,서울 일부 지역 KT 인터넷 장애 광케이블 절단이 원인,Economic
758,활발한 바이오 상장 예비심사청구 바이오  부진 뚫고 흥행 성공할까,Economic
759,UAM 운영서비스부터 관제까지 세계 첫 시연      년 상용화 한걸음,Economic
760,SK바이오팜   분기 영업손실    억 매출은  배 성장,Economic
761, 뉴시스 창사   주년 권준석 신한 본부장  어디에도 없지만 어디에나 있는 은행 ,Economic
762,이주열  높은 물가 당분간 지속 공급병목 해결 어려워  종합 ,Economic
763, 뉴시스 창사   주년 신장섭 교수  반 기업법 모두 없애야 ,Economic
764, 호캉스 캠핑  메이필드호텔 서울    일까지  차박 인 더 가든 시즌  ,Economic
765, 월 은행 대출 연체율       역대 최저 수준,Economic
766,   머크  먹는 코로나 치료제     만 명분 확보,Economic
767,  개 시도 소비 풀렸다 제주 면세점 판매 급증,Economic
768, 범내려온다  대박 엠비규어스댄스컴퍼니 BMW 전기차 알린다,Economic
769,삼성전자 품은  평택지제 센트럴타워  모델하우스 운영중,Economic
770,홍남기    조 재난금   조 손실보상 꼭 필요한가 결코 쉽지 않아 ,Economic
771,한전 사장  연료비 조정 요인 있다면 정부와 협의   전기요금 인상 필요성 제기,Economic
772, 커머스핫라인 김장철 맞아 김치냉장고  들썩 ,Economic
773, 요소수 제때 받을 수 있나  연말 앞둔 택배 물류업계 전전긍긍,Economic
774, 르포 르노삼성 부활 신호탄  XM   수출  만대 돌파 비결은 ,Economic
775,토종 호텔 브랜드  호텔케니   부산 기장점 그랜드 오픈,Economic
776,삼성전자   개  LG전자   개   기업 CES 혁신상 휩쓸었다 종합 ,Economic
777,오피스텔 바닥난방 내일부터 전용면적     까지 허용,Economic
778,김헌동이 쏘아올린 반값 아파트 세텍 서울의료원에 가능할까,Economic
779, 코인브리핑 인플레 우려에 비트코인 사상 최고가   숨고르기 하락세,Economic
780,SK바이오팜   분기 영업손실    억 매출은  배 성장,Economic
781,이마트  오는   일 이베이코리아 품는다 본사 매각도 확정,Economic
782, 단독  큐라클   CU   RE   상 최고 용량서 중대한 이상반응 없어  밀착 취재 종목 핫라인 ,Economic
783,     기후변화 공동 대응  깜짝 발표 ,Economic
784,선데이토즈  소셜카지노 이어 NFT 게임도 넘본다,Economic
785,이재명 전국민 지원금에 홍남기  법 넘는 건 불가능 ,Economic
786, 저소득 무직자  고용 회복 속에서도 늘었다,Economic
787,내일부터 오피스텔 바닥 난방 허용면적        로 완화,Economic
788, 현대차 엔진결함  공익제보  미국서    억 원 포상금,Economic
789,전국 서비스업생산  분기 연속 증가  재난금 백신 확대 영향 ,Economic
790,     명 확진 위중증 환자 하루 만에 또 최대치,Economic
791,  초에  개씩 팔렸다      찬 도시락  최장수 인기,Economic
792,정부  행정부 자의적 납부 유예는 법에 저촉 ,Economic
793,집값 고점 찍었나 서울도 지방도 상승폭 줄고 하락거래 늘어,Economic
794,홍남기          조 지원금 손실보상 결코 쉽지 않다 ,Economic
795,외국인  올해 국내 주식   조 어치 순매도 역대 최고 근접,Economic
796,인천공항 국제여객 세계    위 하락  아시아 첫  위,Economic
797,이마트  성수동 본사    조원에 매각  이베이 인수 실탄 마련 ,Economic
798,시동 걸자마자 GM 제쳤다  테슬라 대항마  리비안  화끈한 상장,Economic
799,요소수 주유소에서만 판다 최대 승용차     화물차    까지 종합 ,Economic
800, 영상 요소수 소비자 대처법은   주유소 외 당근마켓 해외직구 가능 ,Economic
801,위중증 연일 역대 최다    예측범위 내  비상계획 발동 검토 안해 ,Economic
802, 백신 지원금 영향     분기   개 시 도 서비스업 생산 모두 ,Economic
803, 르포  XM 로 부활 알리는 르노삼성차 부산공장을 가다,Economic
804,항공업계   분기에도  화물 이 실적 갈랐다,Economic
805, 뉴시스 창사   주년 마크 파버    저평가  신흥국 가치주에 투자하라 ,Economic
806, 광케이블 절단  서울 구로 영등포 일대서 KT 인터넷 장애 발생,Economic
807,삼성전자  사내식당  곳 외부에 추가개방  점진적으로 전면개방 할 것 ,Economic
808,코스피 인플레 우려에   코스닥은 외국인 매수에 반등 시도,Economic
809, 르포  삼성 DNA  간직한 르노 부산공장 가보니,Economic
810,서울 구로 영등포 일대 KT 인터넷 장애   시간 만에 복구 ,Economic
811,SK이노베이션  NCM  배터리로  CES 혁신상   관왕,Economic
812,KDI  올해 성장률     로 상향  내년 내수회복으로      전망 ,Economic
813,이주열  공급 병목 등 영향에 높은 물가상승률 당분간 지속될 것 ,Economic
814,국산신약 해외 진출 원해도 낮은 약값  발목   R D  밑 빠진 독 ,Economic
815, 사진빨 잘 받네  인스타에 딱  정용진 부캐 빵집 가봤다,Economic
816,남양 매일  자사 분유 쓴 산부인과에 사례비    공정위 제재,Economic
817, 규제 적고 임대수익까지  오피스텔 인기,Economic
818,남양유업  산부인과에 저리로 돈 빌려줘 과징금  억    만원,Economic
819,쌓이는 나랏빚에  증세 공론화  꺼낸 KDI,Economic
820, 영상 요소수 소비자 대처법은   주유소 외 당근마켓 해외직구 가능 ,Economic
821,위중증 연일 역대 최다    예측범위 내  비상계획 발동 검토 안해 ,Economic
822,요소수 긴급 수급  주유소서 최대   리터 가능 ,Economic
823,삼성전자  차세대    D 패키징 솔루션  H Cube  개발,Economic
824,대기업  채용시 뭘 보고 뽑나 물었더니  전공    관련성 ,Economic
825,정부  요소수  큰 부족 아냐 가격상한제는 마지막 수단 ,Economic
826,봉사 어학연수론 대기업 못 간다  직무 관련성 직무 경험 키워야 ,Economic
827,승용차  대당 한 번에 요수수   L까지  관세도 임시 인하,Economic
828,KDI  내년 내수 회복으로    성장 코로나   대외여건 변수 ,Economic
829,   대 기업의 채용 비결   이것  갖추면 뽑는다 ,Economic
830, 산부인과에 리베이트  공정위  남양유업에 과징금    억원,Economic
831,이주열 총재  근  년 만의 경제동향간담회   이달 금리 인상 재시사  종합 ,Economic
832, 우리 분유만 써  산부인과 등에 이익 제공한 남양 매일 제재,Economic
833,시중 통화량  월에도 늘었다  대출 규제 본격 시행 전 실수요 몰려 ,Economic
834,올해만 샤넬  번 프라다  번 가격인상  배짱영업 ,Economic
835, 현장르포 르노삼성 부산공장 XM  생산분주  내년   만대 수출 ,Economic
836,부산항 수백m 대기줄 해결에 시간 걸릴 듯,Economic
837, 소주성 정책 설계  홍장표의 KDI도 이재명표 지원금에   ,Economic
838, 쿠팡 영업시간도 규제하라  야간노동 문제 칼 빼든 국회,Economic
839,  월 금리 인상 빠르다는 KDI  오히려 경기 하방 압력 ,Economic
840,대출 늘어도 은행 연체율        역대 최저  착시효과 ,Economic
841, 우리 분유 써 달라  산부인과에 리베이트 제공한 남양유업 매일홀딩스 과징금,Economic
842, 우리 분유만 써  남양유업  산후조리원에 리베이트 주다 적발,Economic
843, 월 은행 대출 연체율       역대 최저 수준,Economic
844,복통 체중감소  크론병    대 환자가 가장 많아,Economic
845, 우리 분유 써 달라  산부인과에    억 빌려준 남양유업,Economic
846, 월 시중에 풀린 돈       돌파 한 달 새       증가,Economic
847,폴라리스오피스  가상화폐 POLA  빗썸 투자 유의종목 해제 ,Economic
848,백신접종 국민지원금에  분기   개 시도 서비스업생산 증가,Economic
849, 우리 분유 써라  산부인과에 저리대출 남양유업 과징금    억원,Economic
850,KDI  내년 성장률      물가      전망  인플레이션 일시적 ,Economic
851,KDI  국가채무 적극 통제해야 금리 빨리 올리면 경기하방 요인 ,Economic
852,은행과 금리 역전   상호금융  밀려드는 대출 막기  고심 ,Economic
853, 르포  무엇이든 만들어주마    혼류생산 불량제로  르노삼성의 저력,Economic
854,르노삼성 재도약 이끄는 XM   수출 가속페달  내년엔   만대 팔겠다 ,Economic
855,XM  수출  만대의 힘 르노삼성차 부산공장을 가다,Economic
856,상장 후 첫 성적표 카카오금융   페이는  적자  뱅크는  최대 순익 ,Economic
857,KDI   경제 올해    내년    성장 전망  금리인상 속도조절 ,Economic
858,KDI  한국경제  올해    내년    성장   요소수 사태가 악재 ,Economic
859, 신입 뽑을 때 가장 중요한 것은      대 기업이 답했다,Economic
860,주택자금 대출 억눌렀지만    월 통화량     조나 껑충,Economic
861,시중에 풀린돈 또 사상최대  한 달 새   조 ,Economic
862, 분유 써달라  리베이트 뿌린 남양 매일유업  공정위 제재,Economic
863,KDI  올해 물가 전망           올려  인플레는 일시적 ,Economic
864,돈 빌려주고  우리 분유 써라  남양유업 과징금    억,Economic
865, 분유 팔려고 리베이트  남양유업 과징금    억 매일유업은     만원,Economic
866, 일문일답 KDI  물가 오른다고 금리 올리면 경기 더 나빠진다 ,Economic
867,   억 초과 대출금지  후 서울 고가 아파트값 오히려  억 올랐다,Economic
868,대출 총량규제  이미 정부 관리범위  이탈 ,Economic
869,신생아 입양 요소수 이어 제주 화산송이까지  변명만 늘어놓는  당근마켓 ,Economic
870,SK바이오팜  현지법인 설립 통한   시장 진출,Economic
871,엄마 핀잔 받으며 신고가로 집 산 딸  년 개월만에 대반전,Economic
872,이주열  다음주  금리 인상  가닥,Economic
873,광군제 빼빼로데이 십일절 더 뜨거워진 올   월   일,Economic
874, 바이오CMO 강자  우뚝   삼성바이오 성장엔  삼박자 있었다,Economic
875,두산 친환경 미래기술   CES      혁신상   개 수상,Economic
876,기대 못 미친 상장사   어닝 쇼크   어닝 서프라이즈,Economic
877,  초에  개씩      찬 도시락  잘나가네,Economic
878,  타임지 선정  올해 최고의 발명품 에 삼성 갤럭시Z플립 ,Economic
879,게임  실적보다 메타버스 엔씨 펄어비스 반전노린다,Economic
880,KDI  재정지원 피해계층 중심으로  전 국민보단 선별지급에 무게,Economic
881, SK하이닉스 주가 내년   만원 간다 ,Economic
882,무주택자 단체  김현미 김상조 김수현 등 집값폭등  적 ,Economic
883,이달   일까지 수출       증가 원료비 부담에 수입도 급증,Economic
884,실적부진 더블유게임즈  배당 잭팟  되나,Economic
885,무서운 빌라값   아파트값 상승률 추월,Economic
886, 판다더니 진짜 팔았네  머스크     조원 테슬라 주식 매각,Economic
887,     년 상용화  UAM  김포공항서    비행 시연,Economic
888,공격적 영역확장   리플  가상자산 상승랠리 동참할까,Economic
889,  억 특별퇴직금  씨티은행 희망퇴직 신청자 폭증,Economic
890,잘나가는 신세계인터내셔날  비디비치는 고민일세,Economic
891,업비트 하루평균 거래대금  코스피 추월,Economic
892, 제 의 테슬라  리비안  포드 GM 제쳐,Economic
893,온실 속 화초 거부한 매일유업 오리온  세 실력 보여주나,Economic
894,내년 메모리가격 하락한다면서   SK하이닉스 목표가 상향  이유는 ,Economic
895,물건 팔아 송출 수수료 내기도 버겁네 CJ 롯데 현대홈쇼핑  한숨 ,Economic
896,호주에서 긴급 공수한 요소수  만    리터  오후 국내 도착,Economic
897,문닫는 회사채 발행시장    내년  분기 말 살아날 것 ,Economic
898,떴다 볼로콥터 소리없이 수직으로,Economic
899,  억 준다는데  씨티은행 희망퇴직  쇄도 ,Economic
900,  테슬라 대항마  리비안  성공적 증시 데뷔   국내  차전지 관련주 동반 강세,Economic
901, 공급망리스크 커진다  소부장    자화자찬하는 사이    의존도는 커졌다,Economic
902,김동연  지방 이전기업   년 고용유지  상속 증여세 감면 ,Economic
903,위중증 환자 또 최다 마지노선    명 근접,Economic
904, 요소수 대란  국민에 책임 전가  경유차 운전자들  분노 ,Economic
905,케이뱅크  중저신용자 대출 금리 인하 고신용자 인상,Economic
906, 야성적 충동  회복한 기업들  미래 먹거리 찾아  공격 경영 ,Economic
907,코로나   수혜  글로벌 대기업 대규모 M A,Economic
908,내일부터 유류세     인하 휘발윳값 바로 내릴까 ,Economic
909, 깃발 꽂는다고 모두 성공하는 시대 끝나  해외 기업 정부와의 과감한 동업 필요 ,Economic
910,삼성전자  혁신적 반도체 패키징 솔루션  TSMC 넘는다 ,Economic
911,요소수 제한   제때 못 끌고  대출절벽에 이자만 눈덩이,Economic
912,  물가 상승률   년만에 최고치   금리 인상 압력 커진다,Economic
913,지루한 박스피 장세에 연      수익률 리츠에 뭉칫돈 몰려,Economic
914, 당신의 노후자금 을 노린다 주식리딩방 ,Economic
915,SK바이오팜    본격 진출 기술수출에 현지법인 설립까지,Economic
916,정부 긴급조처 따라 이커머스 중고장터 요소수 판매 중단,Economic
917,두산건설       일  반월역 두산위브 더센트럴  견본주택 실물 관람 진행,Economic
918,한전  전기요금 인상 가능성 시사 정승일 사장  전기료 정상화 필요 ,Economic
919,  USTR     단계 무역합의 부실 이행 지적  재검토해야 ,Economic
920,  테슬라 대항마  리비안  성공적 증시 데뷔   국내  차전지 관련주 동반 강세,Economic
921,삼성   개 LG   개  CES 혁신상  싹쓸이한  기업,Economic
922, 집값 잡겠다는 코미디쇼에 더이상 속지 않겠다  무주택자들 단단히 뿔났다,Economic
923, 공급병목 현상  쉽게 해결되기 어려워  우리나라 악영향 커,Economic
924,결국 요소수 판매제한   연말까지 주유소서 승용차당 한번에 최대    만 구매가능,Economic
925,금리상한형 주담대  출시  개월에도 달랑    건   인기 없는 이유는,Economic
926,공모주 열풍 타고 올해 새내기주 수익률도  양호 ,Economic
927,    월 소비자물가      급등 연준 금리인상 빨라질 수도,Economic
928,요소수 주유소에서만 판매  대당    만 살 수 있다,Economic
929,김현석 삼성전자 사장   에 던진 가전분야 화두는,Economic
930, 속보  요소수  만       실은  수송기 호주서 출발 오후 도착,Economic
931,이번에도 CES 혁신상 휩쓴  기업들 종합 ,Economic
932,한전 사장  적정원가 보상해야  내년 전기요금 인상 필요성 제기,Economic
933, 평당     만원엔 못해  광명 구역 분양  결국 밀렸다,Economic
934,코스피  옵션만기일 맞아     선 위태 머스크     조 원어치 주식 매각,Economic
935,증시 주춤하자 제  전성기 맞은 리츠,Economic
936, 단독 카카오페이  알리페이 지분 늑장신고  상장시 제출  거짓 해명,Economic
937,론 배론  테슬라 주가     달러도 거뜬하다   글로벌 구루에게 듣는다 ,Economic
938,영끌 개미들  빚투    조    억원  증권사들은 역대급  이자수익 파티 ,Economic
939,람보르기니  파올로 트로일로가 그려낸  미노타우로스  공개,Economic
940,부동산 못잡고 대출 죄는 정부  은행만 배 불리냐  비판 확산,Economic
941,친환경 바람에    개월 만에  만개 팔린  OOO 화장지 ,Economic
942,폴라리스오피스  가상화폐 POLA 빗썸 유의종목 해제  폴라리스쉐어  개발 가속화,Economic
943,중동원유     호주석탄     원자재 수입도 쏠림현상 심각,Economic
944, 단독   검단 왕릉뷰  논란  문화재청 따르면  층 아파트 지을판 ,Economic
945,이번 CES에서도 한국 업체들 대거 혁신상 수상,Economic
946,엔씨  분기 영업익  반토막     억원 내년 블록체인 게임 출시 종합 보 ,Economic
947,정부  연말까지 요소수 긴급수급 조치 발동 한 번에 최대    까지만,Economic
948, 증시이슈   나 떨고 있니  실적 하락 전망에 흔들리는 이마트,Economic
949,커지는 인플레 우려 공급 수요 문제 겹쳐 내년까지  불안 ,Economic
950,맥못추는  에너지화학ETF ,Economic
951, 종목속으로 목표주가 릴레이 상향  하이브    실적 NFT 메타버스 호재  종합선물세트 ,Economic
952,위드 코로나   일째 극장  여전히  울상 ,Economic
953,   억원 넘는 아파트  대출금지에도  년간 가격     상승 ,Economic
954,경남 광주은행장  전세대출 분할상환 의무화 계획 없어 ,Economic
955,한화큐셀    텍사스서 첫 ESS 단독단지 개발진행,Economic
956,한미약품 포지오티닙 연내   허가신청  항암 신약 결실 터진다 ,Economic
957,팅크웨어  NFT 메타버스 활용 국내 최초 여행게임 서비스 제공,Economic
958,오세훈  부동산실험  찻잔 속 태풍 vs 변혁 이끌 바람,Economic
959, 요소수 대란에 당근마켓도 불났다  요소수 거래 막지 않는 까닭,Economic
960,부동산 못잡고 대출 죄는 정부  은행만 배 불리냐  비판 확산,Economic
961,친환경 바람에    개월 만에  만개 팔린  OOO 화장지 ,Economic
962,정승일  국민공감대 있으면 원전 비중 늘어날 것 ,Economic
963,조선일보 서학개미봇  머스크 주식 매도 속보특종  블룸버그보다   분 빨랐다,Economic
964,김용진 국민연금 이사장  K ESG  경제주체 자발적 참여 중요 ,Economic
965, 확 올랐다 확 꺼질라  불안감 커지는 수도권 급등장,Economic
966, 증시이슈  현대차    대 하락세  거래일 연속 하락,Economic
967,운전이야  게임이야  LG 완성차에  AR 소프트웨어 솔루션  공급,Economic
968,돈나무언니 캐시우드  테슬라 하락은  천달러 돌파 위한  보 후퇴 ,Economic
969, 현장연결  정부  요소수 판매처 주유소로 한정 승용차 최대   리터 ,Economic
970,현대로템      억원 규모 대만 카오슝 도시철도국 E M 턴키사업 낙찰,Economic
971,전기차    대 만든 리비안  상장 첫날 GM 시총과 똑같아졌다,Economic
972,  채권시장 국채 투매 파월의 인내심 어디까지,Economic
973,셀트리온   Q 실적 부진에 목표가 줄하향   분기 정상화 기대 ,Economic
974,코로나 이후 모든 게 부족해졌다 다가오는  생활비용  위기,Economic
975,SKT 한화 에어택시로 김포공항에서 강남까지   분만에 주파 실증 성공,Economic
976,GS건설  땅 안파고 상수도관 고치는 친환경 기술 개발,Economic
977, Q 주춤한 엔씨소프트   NFT 블록체인  승부수,Economic
978,현대차  자율주행에  바보장치  고집하는 이유,Economic
979,제주항공  펫펨 모셔라  반려동물 동반 탑승  마리  kg까지,Economic
980,현대차그룹  애플 구글에 도전장  내년에 자동차용 플랫폼 공개할 것 ,Economic
981,대창단조      원    원 주식분할 결정,Economic
982,대출 막아도 서울 대형 아파트값  년간     ,Economic
983,   억원 넘는 아파트  대출금지에도  년간 가격     상승 ,Economic
984,은퇴하면 내 인생 산다  발목잡는  캥거루족 ,Economic
985, 사재기 예방  차량용 요소수 주유소에서만 판매,Economic
986, 오징어게임  열풍에 참붕어빵도 월 최고 매출 기록,Economic
987, 뉴시스 창사   주년 마크 파버  암호화폐  종이화폐 대체할 수 있다 ,Economic
988,SK바이오팜  이그니스 테라퓨틱스 지분       취득 결정,Economic
989,NFT 메타버스 기대감 펄어비스  실적 부진에도 신고가,Economic
990, 마스크 판박이 악몽  요소수 대란에 화물차  대당     구매제한 종합 ,Economic
991, 마이데이터 시대  KB 한번에 다 되는 금융앱 첫단추 꼈다 ,Economic
992,   인플레 악재  또 얻어맞은 금융시장,Economic
993,머스크  테슬라 주식 매각했지만  아직 판 게 아니라는데 ,Economic
994,대출 막았지만    억 초과 아파트  년간  억 올랐다 ,Economic
995,두산  친환경 미래기술  CES      혁신상   개 수상,Economic
996,실적 확 뛰었다 삼성생명 성장판 연 전영묵,Economic
997,  억원 규모 영업손실 여파 카카오페이 다시   만원대,Economic
998,바이든  인프라 법안이 인플레 해법  경제 정상화 계획의 일부 ,Economic
999,삼성전자  고성능 반도체용 차세대  패키징 솔루션  개발,Economic
